{
  "id": "2246650",
  "name": "俺第一次",
  "font_family": "iconfont",
  "css_prefix_text": "icon-",
  "description": "",
  "glyphs": [
    {
      "icon_id": "1148896",
      "name": "邮箱",
      "font_class": "youxiang",
      "unicode": "e687",
      "unicode_decimal": 59015
    },
    {
      "icon_id": "1235214",
      "name": "电话号码",
      "font_class": "dianhuahaoma",
      "unicode": "e62a",
      "unicode_decimal": 58922
    },
    {
      "icon_id": "1613371",
      "name": "密码",
      "font_class": "mima",
      "unicode": "e603",
      "unicode_decimal": 58883
    },
    {
      "icon_id": "7762180",
      "name": "用户名",
      "font_class": "ziyuanxhdpi",
      "unicode": "e62d",
      "unicode_decimal": 58925
    }
  ]
}
